<?xml version="1.0" encoding="UTF-8" ?>
<text/>
<group title="">
<picker reload="true" auto-off="true" title="kk1kk" >
<summary sh="echo 'Apktool: ' $(apktool -version)"/>
<option value="">Apktool 2.5.1</option>
<option value="-2.5.0">Apktool 2.5.0</option>
<option value="-2.4.2">Apktool 2.4.2</option>
<option value="-2.4.1">Apktool 2.4.1</option>
<option value="-2">Apktool Online</option>
<option value="-3">Apktool File</option>
<get>getprop apktpb</get>
<set>
if [ "$state" == "-2" ];then
if [ -e "$TOOLKIT/lib/Apktool/apktool-2.jar" ];then
echo 'Done'
setprop apktpb $state
else
echo 'Apktool file error online'
fi
elif [ "$state" == "-3" ];then
if [ -e "$TOOLKIT/lib/Apktool/apktool-3.jar" ];then
echo 'Done
setprop apktpb $state
else
echo 'Apktool file error'
fi
elif [ "$state" == "" ];then
echo 'Done'; resetprop --delete apktpb
else
echo 'Done'; setprop apktpb $state
fi
echo
apktool
</set>
</picker>

<picker title="kk2kk" desc="kk3kk" multiple="multiple" auto-off="true" options-sh="echo '-api '$ANDROID_SDK'|--api-level'; echo '-b|--no-debug-info'; echo '--force-manifest|--force-manifest'; echo '--keep-broken-res|--keep-broken-res'; echo '-m|--match-original'; echo '--no-assets|--no-assets'; echo '--only-main-classes|--only-main-classes';" >
<summary sh="echo $(getprop tuychond)"/>
<get>getprop tuychond</get>
<set>setprop tuychond "$state"</set>
</picker>
<picker title="kk4kk" desc="kk5kk" multiple="multiple" auto-off="true" options-sh="echo '-api '$ANDROID_SDK'|--api-level'; echo '--copy-original|--copy-original'; echo '--debug|--debug'; echo '--no-crunch|--no-crunch'; echo '--use-aapt2|--use-aapt2';">
<summary sh="echo $(getprop tuychonb)"/>
<get>getprop tuychonb</get>
<set>setprop tuychonb "$state"</set>
</picker>

</group>

<group title="">
<action>
<title>kk6kk</title>
<desc>kk7kk</desc>
<param name="fileapk" title="kk8kk" editable="true" desc=" " label="File .apk" type="file" suffix="apk" required="required"/>
<param name="play1" label="Resources (res)" type="switch" title="kk9kk"/>
<param name="play2" label="Classes*.dex" type="switch" />
<set>
if [ "$play1" == "1" ];then
rr="-r"
fi
if [ "$play2" == "1" ];then
ss="-s"
fi
apktool d $rr $ss "$(getprop tuychond)" "$fileapk" -f -o "$(echo "$fileapk" | sed 's|\.apk|_src|g')"
echo "\nSave in: $(echo "$fileapk" | sed 's|\.apk|_src|g')"
</set>
</action>


<action>
<title>kk10kk</title>
<desc>kk11kk</desc>
<param name="jdrbu" title="kk12kk" editable="true" desc=" " label="Folder *.apk" type="folder" required="required"/>
<param name="play1" label="Resources (res)" type="switch" title="kk9kk"/>
<param name="play2" label="Classes*.dex" type="switch" />

<set>
if [ "$play1" == "1" ];then
rr="-r"
fi
if [ "$play2" == "1" ];then
ss="-s"
fi
if [ "$(echo $jdrbu | grep -c '\ ')" -ge 1 ];then
echo "kk13kk"
exit
fi
for var in $jdrbu/*.apk
do
Ten=$(echo $var | tr " " "_")
mv -f "$var" $Ten 2>/dev/null
apktool d $rr $ss "$(getprop tuychond)" "$Ten" -f -o "$(echo "$Ten" | sed 's|\.apk|_src|g')"
echo "\nSave in: $(echo "$Ten" | sed 's|\.apk|_src|g')\n"
done
</set>
</action>


</group>


<group title="">
<action>
<title>kk14kk</title>
<desc>kk15kk</desc>
<param name="tmapk" title="kk16kk" editable="true" desc="" label="Folder" type="folder" required="required"/>
<param name="tmtcapk" title="Sign Apk" desc="" label="Option" >
<option value="">No Sign</option>
<option value="sign">Sign V1+V2</option>
</param>

<set>
if [ -e "$tmapk/apktool.yml" ];then
apktool b "$(getprop tuychonb)" "$tmapk" -f -o "$(echo $tmapk'.apk')"
else
echo 'kk17kk'
exit
fi
if [ "$tmtcapk" ];then
apksign "$(echo ''$tmapk'.apk')"
fi
echo "\nSave in: $(echo ''$tmapk'.apk')"
</set>
</action>


<action>
<title>kk18kk</title>
<desc>kk19kk</desc>
<param name="tmdbdh" title="kk20kk" editable="true" desc="" label="Folder" type="folder" required="required"/>

<param name="tmtcapk" title="Sign Apk" desc="" label="Option" >
<option value="">No Sign</option>
<option value="sign">Sign V1+V2</option>
</param>

<set>
if [ "$(echo $tmdbdh | grep -c '\ ')" -ge 1 ];then
echo "kk13kk"
exit
fi
Tm=$(find "$tmdbdh" -name apktool.yml)
Tm2=$(echo "$Tm" | sed 's|\/apktool.yml||g')
for tmalle in $Tm2
do
apktool b "$(getprop tuychonb)" "$tmalle" -f -o "$(echo $tmalle'.apk')"
if [ "$tmtcapk" ];then
apksign "$(echo ''$tmapk'.apk')"
fi
echo "\nSave in: $(echo ''$tmalle'.apk')\n"
done
</set>
</action>




</group>



<group title="">
<action reload="true" auto-off="true">
<title>File</title>
<desc>kk21kk</desc>
<param name="apkjar" title="" editable="true" desc="" label="File .jar" type="file" suffix="jar" required="required"/>
<set>
mkdir -p $TOOLKIT/lib/apks
cp -rf "$apkjar" $TOOLKIT/lib/apks
linkhh=$(find $TOOLKIT/lib/apks | grep "\.jar")
mv -f "$linkhh" $TOOLKIT/lib/Apktool/apktool-3.jar
setprop apktpb "-3"
echo "Done"
</set>
</action>

<action reload="true" auto-off="true">
<title>Online</title>
<desc>kk22kk</desc>
<param name="Apktool-online" label="Version" desc="kk23kk" required="required" value-sh="curl -Gs https://connortumbleson.com/apktool/sha256.shasum | tail -1 | awk '{print $2}' | sed 's|apktool_||g' | sed 's|.jar||g'" />
<set>
echo "Downloading, please wait..."
curl -Ls 'https://connortumbleson.com/apktool/apktool_'$Apktool-online'.jar' -o /sdcard/apktool.jar.kk
mv -f /sdcard/apktool.jar.kk $TOOLKIT/lib/Apktool/apktool-2.jar
setprop apktpb "-2"
echo "Done"
</set>
</action>
</group>

<group>

<text/>

<text title="kk24kk">
<slices>
<slice size="13" >
kk25kk</slice>
<slice size="13"break="break" link="https://ibotpeaches.github.io/Apktool/documentation" color="#2D92FF">
kk26kk</slice>
</slices>
</text>

</group>


