<?xml version="1.0" encoding="UTF-8" ?>



<group title="">
<picker reload="true" auto-off="false" title="kk038" >
<summary sh="echo 'Apktool: ' $(apktool -version)"/>
<option value="">Apktool 2.5.1 Beta</option>
<option value="-2.5.0">Apktool 2.5.0 official</option>
<option value="-2.4.2">Apktool 2.4.2 old</option>
<option value="-2.4.1">Apktool 2.4.1 old</option>
<option value="-2">Apktool online</option>
<option value="-3">Apktool File</option>
<get>getprop apktpb</get>
<set>
if [ "$state" == "-2" ];then
if [ -e "$TOOLKIT/lib/Apktool/apktool-2.jar" ];then
echo 'kk039'
setprop apktpb $state
else
echo 'kk040'
fi
elif [ "$state" == "-3" ];then
if [ -e "$TOOLKIT/lib/Apktool/apktool-3.jar" ];then
echo 'kk041'
setprop apktpb $state
else
echo 'kk042'
fi
elif [ "$state" == "" ];then
echo 'kk039'; resetprop --delete apktpb
else
echo 'kk039'; setprop apktpb $state
fi
</set>
</picker>

<page link="https://ibotpeaches.github.io/Apktool/documentation">
<title>kk094</title>
<desc>kk044</desc>
</page>

</group>



<group title="">
<action>
<title>kk046</title>
<desc>kk045</desc>
<param name="fileapk" title="kk047" editable="true" desc="kk048" label="kk049 .apk" type="file" suffix="apk" required="required"/>
<param name="play1" label="kk050" type="switch" title="kk051"/>
<param name="play2" label="kk052" type="switch" desc="kk053"/>
<set>
if [ "$play1" == "1" ];then
rr="-r"
fi
if [ "$play2" == "1" ];then
ss="-s"
fi

if [ "$fileapk" ];then
apktool d $rr $ss "$(getprop tuychond)" "$fileapk" -f -o "$(echo "$fileapk" | sed 's|\.apk|_src|g')"
echo "\nkk054: $(echo "$fileapk" | sed 's|\.apk|_src|g')"
else
echo 'kk055'
fi</set>
</action>


<action>
<title>kk157</title>
<desc>kk158</desc>
<param name="jdrbu" title="kk159" editable="true" desc="kk160" label="kk063" type="folder" required="required"/>
<param name="play1" label="kk050" type="switch" title="kk051"/>
<param name="play2" label="kk052" type="switch" desc="kk053"/>

<set>
if [ "$play1" == "1" ];then
rr="-r"
fi
if [ "$play2" == "1" ];then
ss="-s"
fi
if [ "$(echo $jdrbu | grep -c '\ ')" -ge 1 ];then
echo "kk161"
exit
fi
for var in $jdrbu/*.apk
do
Ten=$(echo $var | tr " " "_")
mv -f "$var" $Ten 2>/dev/null
apktool d $rr $ss "$(getprop tuychond)" "$Ten" -f -o "$(echo "$Ten" | sed 's|\.apk|_src|g')"
echo "\nkk054: $(echo "$Ten" | sed 's|\.apk|_src|g')\n"
done
</set>
</action>


<picker title="kk056" desc="kk057" multiple="multiple" auto-off="true" options-sh="echo '-api '$ANDROID_SDK'|--api-level'; echo '-b|--no-debug-info'; echo '--force-manifest|--force-manifest'; echo '--keep-broken-res|--keep-broken-res'; echo '-m|--match-original'; echo '--no-assets|--no-assets'; echo '--only-main-classes|--only-main-classes';" value-sh="echo '-api '$ANDROID_SDK''; echo '-b'; echo '--force-manifest'; echo '--keep-broken-res'; echo '-m'; echo '--no-assets'; echo '--only-main-classes';" >

<get>getprop tuychond</get>
<set>setprop tuychond "$state"</set>
</picker>

</group>


<group title="">
<action>
<title>kk058</title>
<desc>kk059</desc>
<param name="tmapk" title="kk060" editable="true" desc="kk061" label="kk063" type="folder" required="required"/>

<param name="tmtcapk" title="kk062" desc="kk064" label="kk066" >
<option value="">kk065</option>
<option value="sign">kk067</option>
</param>

<set>
if [ -e "$tmapk/apktool.yml" ];then
apktool b "$(getprop tuychonb)" "$tmapk" -f -o "$(echo $tmapk'.apk')"
else
echo 'kk068'
exit
fi
if [ "$tmtcapk" ];then
apksign "$(echo ''$tmapk'.apk')"
echo "\nkk069"
echo "\nkk054: $(echo ''$tmapk'.apk')"
else
echo "\nkk054: $(echo ''$tmapk'.apk')"
fi
</set>
</action>

<action>
<title>kk162</title>
<desc>kk163</desc>
<param name="tmdbdh" title="kk164" editable="true" desc="kk165" label="kk063" type="folder" required="required"/>

<param name="tmtcapk" title="kk062" desc="kk064" label="kk066" >
<option value="">kk065</option>
<option value="sign">kk067</option>
</param>

<set>
if [ "$(echo $tmdbdh | grep -c '\ ')" -ge 1 ];then
echo "kk161"
exit
fi
Tm=$(find "$tmdbdh" -name apktool.yml)
Tm2=$(echo "$Tm" | sed 's|\/apktool.yml||g')
for tmalle in $Tm2
do
apktool b "$(getprop tuychonb)" "$tmalle" -f -o "$(echo $tmalle'.apk')"
if [ "$tmtcapk" ];then
apksign "$(echo ''$tmapk'.apk')"
echo "\nkk069"
echo "\nkk054: $(echo ''$tmalle'.apk')\n"
else
echo "\nkk054: $(echo ''$tmalle'.apk')\n"
fi
done
</set>
</action>


<picker title="kk070" desc="kk071" multiple="multiple" auto-off="true" options-sh="echo '-api '$ANDROID_SDK'|--api-level'; echo '-c|--copy-original'; echo '-d|--debug'; echo '-nc|--no-crunch'; echo '--use-aapt2|--use-aapt2';" value-sh="echo '-api '$ANDROID_SDK''; echo '-c'; echo '-d'; echo '-nc'; echo '--use-aapt2';" >

<get>getprop tuychonb</get>
<set>setprop tuychonb "$state"</set>
</picker>


</group>



<group title="">
<action>
<title>kk073</title>
<desc>kk072</desc>
<param name="frapk" title="kk074" editable="true" desc="kk075" label="kk049 .apk" type="file" suffix="apk" required="required" />
<set>
if [ "$frapk" ];then
apktool f "$frapk"
else
echo 'kk076'
exit
fi
</set>
</action>

<action auto-off="true" >
<title>kk077</title>
<desc>kk078</desc>
<param name="atfw" title="kk129">
<option value="auto">kk079</option>
<option value="miui">kk080</option>
</param>
<set>
if [ "$atfw" == "auto" ];then
find /system | grep "\.apk" | awk '{print "apktool if " $0 }' | sh
echo "Auto import framework done"
else
apktool if /system/app/miui/miui.apk
apktool if /system/app/miuisystem/miuisystem.apk
apktool if /system/framework/framework-res.apk
apktool if /system/framework/framework-ext-res/framework-ext-res.apk
apktool if /system/priv-app/RtMiCloudSDK/RtMiCloudSDK.apk
apktool if /system/priv-app/PersonalAssistant/PersonalAssistant.apk
apktool if /system/app/GoogleExtShared/GoogleExtShared.apk
echo "Auto import framework miui done"
exit
fi
</set>
</action>
</group>



<group title="">
<action reload="true">
<title>File</title>
<desc>kk082</desc>
<param name="apkjar" title="kk083" editable="true" desc="kk084" label="kk049 .jar" type="file" suffix="jar" required="required"/>
<set>
mkdir -p $TOOLKIT/lib/apks
cp -rf "$apkjar" $TOOLKIT/lib/apks
linkhh=$(find $TOOLKIT/lib/apks | grep "\.jar")
mv -f "$linkhh" $TOOLKIT/lib/Apktool/apktool-3.jar
setprop apktpb "-3"
echo "kk085"
</set>
</action>

<action reload="true">
<title>Online</title>
<desc>kk086</desc>
<param name="Apktool-online" title="kk087" desc="kk088" required="required" value-sh="curl -Gs https://connortumbleson.com/apktool/sha256.shasum | tail -1 | awk '{print $2}' | sed 's|apktool_||g' | sed 's|.jar||g'" />
<set>
echo "kk089"
curl -Ls 'https://connortumbleson.com/apktool/apktool_'$Apktool-online'.jar' -o /sdcard/apktool.jar.kk
mv -f /sdcard/apktool.jar.kk $TOOLKIT/lib/Apktool/apktool-2.jar
setprop apktpb "-2"
echo "kk085"
</set>
</action>
</group>




<group title="">
<action>
<title>kk090</title>
<desc>kk091</desc>
<set>
echo "kk093\n"
apktool
sleep 2
echo -n "\nkk092: "
apktool -version
</set>
</action>
</group>



<text/> <text/>

<text title="kk095" desc="kk096" />



<text/>