<?xml version="1.0" encoding="UTF-8" ?>

<group>
<action reload="true" auto-off="true">
<title>kk097</title>
<param name="xoa1" title="kk098" label="kk099" type="file" value="" editable="true"/>
<param name="xoa2" title="kk100" label="kk101" type="folder" value="" editable="true"/>
<set>
if [ "$xoa1" == "/" ];then
echo "kk102"
exit
elif [ "$xoa2" == "/" ];then
echo "kk102"
exit
elif [ "$xoa2" == "/system" ];then
echo "kk102"
exit
elif [ "$xoa1" == "/system" ];then
echo "kk102"
exit
else
echo 2>/dev/null
fi
if [ "$xoa1" ];then
rm -fr "$xoa1"
echo "kk103"
echo
fi
if [ "$xoa2" ];then
rm -fr "$xoa2"
echo "kk104"
fi
sleep 1
</set>
</action>

<action reload="true" auto-off="true">
<title>kk105</title>
<param name="copy1" title="kk106" label="kk099" type="file" value="" editable="true"/>
<param name="copy2" title="kk107" label="kk101" type="folder" value="" editable="true"/>
<param name="copy3" title="kk108" label="kk101" type="folder" value="" editable="true"/>
<param name="copy4" title="kk109" label="kk101" type="folder" value="" editable="true"/>
<set>
if [ "$copy1" ];then
cp -rf "$copy1" "$copy2"
echo "kk110"
echo
fi
if [ "$copy3" ];then
cp -rf "$copy3" "$copy4"
echo "kk111"
fi
sleep 1
</set>
</action>

<action reload="true" auto-off="true">
<title>kk112</title>
<param name="move1" title="kk113" label="kk099" type="file" value="" editable="true"/>
<param name="move2" title="kk114" label="kk101" desc="kk116"type="folder" value="" editable="true"/>
<param name="move3" title="kk115" label="kk101" type="folder" value="" editable="true"/>
<param name="move4" title="kk114" desc="kk116" label="kk101" type="folder" value="" editable="true"/>
<set>
if [ "$move1" ];then
mv -f "$move1" "$move2"
echo "kk117"
echo
fi
if [ "$move3" ];then
mv -f "$move3" "$move4"
echo "kk118"
fi
sleep 1
</set>
</action>
</group>


<group>

<action reload="false" auto-off="false">
<title>kk119</title>
<param name="shell1" title="kk120" label="kk099" type="file" required="required" editable="true"/>
<param name="su2" label="RW/RO" type="switch" />
<set>
if [ "$su2" == "1" ];then
onmroot
$shell1
offmroot
else
$shell1
fi
</set>
</action>

<action reload="false" auto-off="false">
<title>kk121</title>
<param name="shell2" title="kk122" label="kk124" desc="kk123" value="" required="required" />
<param name="su2" label="RW/RO" type="switch" />
<set>
if [ "$su2" == "1" ];then
onmroot
$shell2
offmroot
else
$shell2
fi
</set>
</action>

</group>



<group>

<action reload="false" auto-off="false">
<title>Zipalign</title>
<param name="zipcc" title="" label="kk099" type="file" required="required" editable="true"/>
<set>
Td=$(echo "$zipcc" | tr "." "\n" | tail -1)
Tenzipalign=$(echo "$zipcc" | sed "s|\.$Td||g")
zipalign -f 4 "$zipcc" "$Tenzipalign.zipalign.$Td"
echo "Done"
</set>
</action>

</group>
