<?xml version="1.0" encoding="UTF-8" ?>

<group>

<action reload="false" auto-off="false">
<title>kk27kk</title>
<param name="shell1" title="kk28kk" label="Import" type="file" required="required" editable="true"/>
<param name="su2" label="RW/RO" type="switch" />
<set>
if [ "$su2" == "1" ];then
onmroot
"$shell1"
offmroot
else
"$shell1"
fi
</set>
</action>

<action reload="false" auto-off="false">
<title>kk29kk</title>
<param name="shell2" title="kk30kk" type="text" label="" placeholder="                         echo 123" required="required" />
<param name="su2" label="RW/RO" type="switch" />
<set>
if [ "$su2" == "1" ];then
onmroot
$shell2
offmroot
else
$shell2
fi
</set>
</action>

</group>



<group>

<action reload="false" auto-off="false">
<title>Zipalign</title>
<param name="zipcc" title="" label="Import" type="file" required="required" editable="true"/>
<set>
Td=$(echo "$zipcc" | tr "." "\n" | tail -1)
Tenzipalign=$(echo "$zipcc" | sed "s|\.$Td||g")
zipalign -f 4 "$zipcc" "$Tenzipalign.zipalign.$Td"
echo "Save in: $Tenzipalign.zipalign.$Td"
</set>
</action>


<action reload="false" auto-off="false">
<title>Apksigner</title>
<param name="zipcc" title="" label="Import" type="file" required="required" editable="true"/>
<set>
Td=$(echo "$zipcc" | tr "." "\n" | tail -1)
Tenzipalign=$(echo "$zipcc" | sed "s|\.$Td||g")
apksigner sign --cert $TOOLKIT/lib/key/testkey.x509.pem --key $TOOLKIT/lib/key/testkey.pk8 --out "$Tenzipalign.signer.$Td" "$zipcc"
echo "Save in: $Tenzipalign.signer.$Td"
</set>
</action>

</group>
