<?xml version="1.0" encoding="UTF-8" ?>
<items>
<group>
<text> 
<summary sh="echo 'kk001' $(getprop ro.product.system.model) '( ' $(getprop ro.product.system.name) ' )'

'\n\nAndroid: ' $(getprop ro.system.build.version.release) 'SDK ( ' $ANDROID_SDK ' )'

'\n\nRoot: ' $ROOT_PERMISSION"/>
</text>
</group>



<group>
<page config-sh="echo /sdcard/Tool-Tool/data/info.xml" id="hfhr" title="kk002">
<option type="refresh">kk004</option>
<option type="finish">kk005</option>
</page>
</group>

<group>
<page config-sh="echo /sdcard/Tool-Tool/data/Apktool.xml" title="Apktool" id="Apktool" desc="kk003">
<option type="refresh">kk004</option>
<option type="finish">kk005</option>
</page>
</group>


<group>
<page config-sh="echo /sdcard/Tool-Tool/data/Tool.xml" id="wttj" title="kk006" desc="kk007">
<option type="refresh">kk004</option>
<option type="finish">kk005</option>
</page>

<page config-sh="echo /sdcard/Tool-Tool/data/basic.xml" id="qfh1" title="kk008" desc="kk009">
<option type="refresh">kk004</option>
<option type="finish">kk005</option>
</page>
</group>

<group>
<action reload="false" id="fqn" auto-off="true">
<title>kk010</title>
<desc>kk011</desc>
<param title="kk012" label="kk013" value=""desc="" id="kill" name="app2">
<option value="">kk014</option>
<option value="com.android.settings">Setting</option>
<option value="com.android.systemui">Systemui</option>
<option value="com.miui.home">Miui Launcher</option>
</param>
<param label="kk015" title="kk016"name="app1" type="app" options-sh="pm list package -s | cut -f2 -d ':'" />
<param label="kk017" title="kk018"name="app3" type="app" options-sh="pm list package -3 | cut -f2 -d ':'" />
<set>
if [ "$app2" ];then
su -c killall $app2
fi
if [ "$app1" ];then
su -c killall $app1
fi
if [ "$app3" ];then
su -c killall $app3
fi
</set>
</action>

<action reload="true" auto-off="false" id="gwwt">
<title>kk019</title>
<desc>kk020</desc>
<param name="caiapk" label="kk021" type="file" value="" />
<set>
mkdir -p $TOOLKIT/lib/apks
cd $TOOLKIT/lib/apks
cp -rf "$caiapk" $TOOLKIT/lib/apks
apkm=$(ls -1 | grep -m 1 -c '\.apkm')
xapk=$(ls -1 | grep -m 1 -c '\.xapk')
apks=$(ls -1 | grep -m 1 -c '\.apks')
apk=$(ls -1 | grep -m 1 -c '\.apk')
ngn=$(getprop ro.product.locale.language)


if [ "$apkm" == "1" ];then
som=$(unzip -l *.apkm | grep -m 1 -c '\.apk')

if [ "$som" == "1" ];then
unzip -o *.apkm
rm -fr *.apkm
cp -rf Android /sdcard 2>/dev/null
mv -f ''$TOOLKIT'/lib/apks/split_config.en.apk' ''$TOOLKIT'/lib/apks/zz.en.apk'
mv -f ''$TOOLKIT'/lib/apks/split_config.'$ngn'.apk' ''$TOOLKIT'/lib/apks/zzz.'$ngn'.apk'
pm install -r *.apk
else
java -jar $TOOLKIT/lib/unapkm.jar "$caiapk" 123.apks
unzip -o *.apks
rm -fr *.apkm
rm -fr *.apks
cp -rf Android /sdcard 2>/dev/null
mv -f ''$TOOLKIT'/lib/apks/split_config.en.apk' ''$TOOLKIT'/lib/apks/zz.en.apk'
mv -f ''$TOOLKIT'/lib/apks/split_config.'$ngn'.apk' ''$TOOLKIT'/lib/apks/zzz.'$ngn'.apk' 
pm install -r *.apk
fi

elif [ "$xapk" == "1" ];then
unzip -o *.xapk
rm -fr *.xapk
cp -rf Android /sdcard 2>/dev/null
mv -f ''$TOOLKIT'/lib/apks/split_config.en.apk' ''$TOOLKIT'/lib/apks/zz.en.apk'
mv -f ''$TOOLKIT'/lib/apks/split_config.'$ngn'.apk' ''$TOOLKIT'/lib/apks/zzz.'$ngn'.apk' 
pm install -r *.apk

elif [ "$apks" == "1" ];then
unzip -o *.apks
rm -fr *.apks 
cp -rf Android /sdcard 2>/dev/null
mv -f ''$TOOLKIT'/lib/apks/split_config.en.apk' ''$TOOLKIT'/lib/apks/zz.en.apk'
mv -f ''$TOOLKIT'/lib/apks/split_config.'$ngn'.apk' ''$TOOLKIT'/lib/apks/zzz.'$ngn'.apk' 
pm install -r *.apk

elif [ "$apk" == "1" ];then
pm install -r *.apk

else
echo "kk022"
fi
rm -fr $TOOLKIT/lib/apks/*
</set>
</action>


<action reload="true" auto-off="false" id="fsgn">
<title>kk023</title>
<desc>kk024</desc>
<param label="kk029" title="kk025" name="appnd" type="app" options-sh="pm list package -3 | cut -f2 -d ':'" />
<param label="kk029" title="kk026" name="appht" type="app" options-sh="pm list package -s | cut -f2 -d ':'" />
<param name="cache" desc="kk133" title="kk027" label="kk028" type="switch" />

<set>
linkhfg=$(pm list package -f "$appht" | cut -d ":=" -f 2)
if [ "$appnd" ];then
if [ "$cache" == "1" ];then
pm uninstall -k "$appnd"
else
pm uninstall "$appnd"
fi
echo "kk030"
elif [ "$appht" ];then
onmroot
rm -fr "$linkhfg"
echo "kk031"
offmroot
else
echo "kk032"
fi

</set>
</action>
</group>




<group title="">
<picker id="tjqt">
<title>kk033</title>
<desc>kk034</desc>
<options>
<option value="svc power reboot || reboot">kk035</option>
<option value="svc power shutdown || reboot -p">kk036</option>
<option value="reboot recovery">kk037 Recovery</option>
<option value="reboot download">kk037 Download</option>
<option value="reboot bootloader">kk037 Bootloader</option>
<option value="reboot edl">kk037 EDL</option>
</options>
<set>$state</set>
</picker>
</group>


</items>