<?xml version="1.0" encoding="UTF-8" ?>
<items>


<group>
<text>
<summary sh="echo 'kk31kk: ' $PACKAGE_VERSION_NAME '( ' $PACKAGE_VERSION_CODE ' )'

'\n\nkk32kk: ' $(getprop ro.product.system.model) '( ' $(getprop ro.product.system.name) ' )'

' |  Android: ' $(getprop ro.system.build.version.release) '( ' $ANDROID_SDK ' )'

'\n\nCPU: ' $(getprop ro.product.cpu.abilist)

'\n\nkk33kk: ' $locale
"/>
</text>
</group>


<group>
<page config-sh="echo $START_DIR/data/info.xml" id="hfhr" >
<title>kk34kk</title>
<desc>kk35kk</desc>
<option type="refresh">kk36kk</option>
<option type="finish">kk37kk</option>
</page>
</group>

<group>
<page config-sh="echo $START_DIR/data/Apktool.xml" title="Apktool" id="Apktool" desc="kk38kk">
<option auto-off="true" suffix="apk" type="file">Import Framework</option>
<option type="default" id="auto" auto-off="true">Framework Auto</option>
<option type="default" id="miui" auto-off="true">Framework MIUI</option>
<option type="refresh">kk36kk</option>
<option type="finish">kk37kk</option>
<handler>

if [ "$file" ];then
apktool if "$file"
elif [ "$menu_id" == "miui" ];then
apktool if /system/app/miui/miui.apk
apktool if /system/app/miuisystem/miuisystem.apk
apktool if /system/framework/framework-res.apk
apktool if /system/framework/framework-ext-res/framework-ext-res.apk
apktool if /system/priv-app/RtMiCloudSDK/RtMiCloudSDK.apk
apktool if /system/priv-app/PersonalAssistant/PersonalAssistant.apk
apktool if /system/app/GoogleExtShared/GoogleExtShared.apk
echo "Auto import framework miui done"
else
find /system | grep "\.apk" | awk '{print "apktool if " $0 }' | sh
echo "Auto import framework done"
fi


</handler>
</page>
</group>


<group>
<page config-sh="echo $START_DIR/data/Tool.xml" id="wttj" title="kk39kk" desc="kk40kk">
<option type="refresh">kk36kk</option>
<option type="finish">kk37kk</option>
</page>

<page config-sh="echo $START_DIR/data/basic.xml" id="qfh1" title="kk41kk" desc="kk42kk">
<option type="refresh">kk36kk</option>
<option type="finish">kk37kk</option>
</page>
</group>


<group>
<page config-sh="curl -Gs https://raw.githubusercontent.com/kakathic/Tool-Tool/master/Module/README.md" id="jevj" title="kk43kk" desc="kk44kk">
<option type="refresh">kk36kk</option>
<option type="finish">kk37kk</option>
</page>

<page config-sh="sh $START_DIR/data/shell/modun.sh" id="keuc" title="kk45kk" desc="kk46kk">
<option type="file" style="fab" suffix="zip2" auto-off="true" reload="true"/>
<option type="refresh">kk36kk</option>
<option type="finish">kk37kk</option>
<handler>
unzip -oq "$file" -d $START_DIR/module
</handler>
</page>
</group>


<group title="">
<picker id="tjqt">
<title>kk47kk</title>
<desc>kk48kk</desc>
<options>
<option value="svc power reboot || reboot">kk49kk</option>
<option value="svc power shutdown || reboot -p">kk50kk</option>
<option value="reboot recovery">kk51kk</option>
<option value="reboot download">kk52kk</option>
<option value="reboot bootloader">kk53kk</option>
<option value="reboot edl">kk54kk</option>
</options>
<set>$state</set>
</picker>
</group>


</items>
