<?xml version="1.0" encoding="UTF-8" ?>



<group>
<page link="https://paypal.me/kakathic">
<title>
kk55kk</title>
<desc>
kk56kk
</desc>
</page>
</group>

<group>
<action>
<title>kk57kk</title>
<desc>kk58kk</desc>
<set>
vmenu=$(curl -Gs https://raw.githubusercontent.com/kakathic/Tool-Tool/master/Online/README.md | grep "Menu=" | cut -d "=" -f2)
ssmenu=$(cat $TOOLKIT/README.md | grep "Menu=" | cut -d "=" -f2)
if [ "$vmenu" == "$ssmenu" ];then
echo >/dev/null
elif [ "$vmenu" ];then
echo "Update Menu Xml"
curl -Ls "https://github.com/kakathic/Tool-Tool/raw/master/Online/data.zip" -o $TOOLKIT/lib/data.zip 2>/dev/null
unzip -oq $TOOLKIT/lib/data.zip -d $START_DIR
rm -fr $TOOLKIT/lib/data.zip
if [ -e "$START_DIR/data/lang/$locale.vi" ];then
cp -rf $START_DIR/data/lang/$locale.vi $START_DIR/data
lang="$START_DIR/data/$locale.vi"
else
cp -rf $START_DIR/data/lang/en_US.vi $START_DIR/data
lang="$START_DIR/data/en_US.vi"
fi
xml="$START_DIR/data/*.xml"
cp -rf $START_DIR/data/xml/*.xml $START_DIR/data
until [ "$(grep -c "#" $lang)" == 0 ];do
tim=$(grep -m1 "#" $lang | cut -d "#" -f1)
thay=$(grep -m1 "#" $lang | cut -d "#" -f2)
sed -i "s|$tim|$thay|g" $xml
sed -i '1d' $lang
done
rm -fr $lang
else
echo 'Error'
fi

tooltar=$(curl -Gs https://raw.githubusercontent.com/kakathic/Tool-Tool/master/Online/README.md | grep "Tooltar=" | cut -d "=" -f2)
sstar=$(cat $TOOLKIT/README.md | grep "Tooltar=" | cut -d "=" -f2)
if [ "$tooltar" == "$sstar" ];then
echo >/dev/null
elif [ "$tooltar" ];then
echo
echo "Update data Tool Tool"
curl -Ls https://github.com/kakathic/Tool-Tool/releases/download/$tooltar/Tool2.tar.xz -o $TOOLKIT/Tool.vi 2>/dev/null
$TOOLKIT/tar -xJf $TOOLKIT/Tool.vi -C $TOOLKIT
rm -fr $TOOLKIT/Tool.vi
else
echo 'Error'
fi

tooljdk=$(curl -Gs https://raw.githubusercontent.com/kakathic/Tool-Tool/master/Online/README.md | grep "JDK=" | cut -d "=" -f2)
ssjdk=$(cat $TOOLKIT/README.md | grep "JDK=" | cut -d "=" -f2)
if [ "$tooljdk" == "$ssjdk" ];then
echo >/dev/null
elif [ "$tooljdk" ];then
wget -q "https://github.com/kakathic/Tool-Tool/releases/download/$tooljdk/JDK-$CPU" -O $TOOLKIT/JDK 2>/dev/null
$TOOLKIT/tar -xJf $TOOLKIT/JDK -C $TOOLKIT
rm -fr $TOOLKIT/JDK
$TOOLKIT/tar -xJf $TOOLKIT/lib/Tool-JDK/libc.so -C $TOOLKIT/lib/Tool-JDK
else
echo 'Error'
fi


baksmali=`echo 'https://bitbucket.org'$(curl -Gs https://bitbucket.org/JesusFreke/smali/downloads/ | grep -m 1 "/baksmali-" | cut -d "\"" -f 2)''`
smali=`echo 'https://bitbucket.org'$(curl -Gs https://bitbucket.org/JesusFreke/smali/downloads/ | grep -m 1 "/smali-" | cut -d "\"" -f 2)''`
tenm1=$(ls -1 $TOOLKIT/lib/baksmali)
tenm2=$(ls -1 $TOOLKIT/lib/smali)
temb1=$(echo $baksmali | tr "/" "\n" | grep "baksmali-")
temb2=$(echo $smali | tr "/" "\n" | grep "smali-")
if [ "$tenm1" == "$temb1" ];then
echo >/dev/null
elif [ "$baksmali" ];then
echo
echo "baksmali update"
rm -fr $TOOLKIT/lib/baksmali/*
cd $TOOLKIT/lib/baksmali
curl -LOs "$baksmali" 2>/dev/null
else
echo
echo 'Network error'
fi

if [ "$tenm2" == "$temb2" ];then
echo >/dev/null
elif [ "$smali" ];then
echo
echo "Smali update"
rm -fr $TOOLKIT/lib/smali/*
cd $TOOLKIT/lib/smali
curl -LOs "$smali" 2>/dev/null
else
echo
echo "Network error"
fi


upapk=$(curl -Gs https://raw.githubusercontent.com/kakathic/Tool-Tool/master/Online/README.md | grep "Version=" | cut -d "=" -f2)
if [ "$upapk" == "$PACKAGE_VERSION_NAME" ];then
echo >/dev/null
elif [ "$upapk" ];then
echo "\nTool Tool update..."
curl -Ls "https://github.com/kakathic/Tool-Tool/releases/download/$upapk/Tool-Tool.apk" -o $TMPDIR/TT.apk
pm install -r $TMPDIR/TT.apk
am start -n com.kakathic.shells/.SplashActivity
fi

wget -q https://raw.githubusercontent.com/kakathic/Tool-Tool/master/Online/README.md -O $TOOLKIT/README.md 2>/dev/null
chmod -R 777 $TOOLKIT

</set>
</action>
</group>

<group>
<text>
<title>kk59kk
</title>
<summary sh=". $START_DIR/data/shell/infor.sh"/>
</text>
<text/>
</group>


<group title="kk60kk">
<page link="https://github.com/kakathic/Tool-Tool/releases/tag/Add">
<title>Mt Manager</title>
<desc>kk61kk</desc>
</page>

<page link="https://github.com/kakathic/Tool-Tool/releases/tag/Add">
<title>AntiSplit-G2</title>
<desc>kk62kk</desc>
</page>

<page link="https://maximoff.su/apktool">
<title>Apktool M</title>
<desc>kk63kk</desc>
</page>
<group>