<?xml version="1.0" encoding="UTF-8" ?>



<group>
<page link="https://paypal.me/kakathic">
<title>kk125</title>
<desc>kk126</desc>
</page>
</group>

<group>
<action>
<title>kk127</title>
<desc>kk128</desc>
<summary sh="sh /sdcard/Tool-Tool/data/shell/update.sh"/>
<set>
checkup

upapk=$(curl -Gs https://raw.githubusercontent.com/kakathic/Tool-Tool/master/Online/README.md | grep "Version=" | cut -d "=" -f2)
if [ "$upapk" == "$PACKAGE_VERSION_NAME" ];then
echo "\nTool Tool does not have apk updates."
elif [ "$upapk" ];then
echo "\nTool Tool update..."
curl -Ls "https://github.com/kakathic/Tool-Tool/releases/download/$upapk/Tool-Tool.apk" -o $TMPDIR/TT.apk
pm install -r $TMPDIR/TT.apk
am start -n com.kakathic.shells/.SplashActivity
else
echo >/dev/null
fi



</set>
</action>
</group>

<text/>

<text title="kk166">
<summary sh="curl -Gs https://raw.githubusercontent.com/kakathic/Tool-Tool/master/Online/Notes"/>
</text>
