<?xml version="1.0" encoding="UTF-8" ?>



<group>
<page link="https://paypal.me/kakathic">
<title>kk55kk</title>
<desc>
kk56kk
</desc>
</page>
</group>

<group>
<action>
<title>kk57kk</title>
<desc>kk58kk
</desc>
<summary sh=". $START_DIR/data/shell/update.sh"/>
<set>
checkup

upapk=$(curl -Gs https://raw.githubusercontent.com/kakathic/Tool-Tool/master/Online/README.md | grep "Version=" | cut -d "=" -f2)
if [ "$upapk" == "$PACKAGE_VERSION_NAME" ];then
echo "\nTool Tool does not have apk updates."
elif [ "$upapk" ];then
echo "\nTool Tool update..."
curl -Ls "https://github.com/kakathic/Tool-Tool/releases/download/$upapk/Tool-Tool.apk" -o $TMPDIR/TT.apk
pm install -r $TMPDIR/TT.apk
am start -n com.kakathic.shells/.SplashActivity
else
echo >/dev/null
fi

</set>
</action>
</group>

<group>
<text>
<title>kk59kk
</title>
<summary sh="curl -Gs https://raw.githubusercontent.com/kakathic/Tool-Tool/master/Online/Notes"/>
</text>
</group>


<group title="kk60kk">
<page link="https://github.com/kakathic/Tool-Tool/releases/tag/Add">
<title>Mt Manager</title>
<desc>kk61kk</desc>
</page>

<page link="https://github.com/kakathic/Tool-Tool/releases/tag/Add">
<title>AntiSplit-G2</title>
<desc>kk62kk</desc>
</page>

<page link="https://maximoff.su/apktool">
<title>Apktool M</title>
<desc>kk63kk</desc>
</page>
<group>