<?xml version="1.0" encoding="UTF-8" ?>



<group>
<page link="https://paypal.me/kakathic">
<title>
kk55kk</title>
<desc>
kk56kk
</desc>
</page>
</group>

<group>
<action>
<title>kk57kk</title>
<desc>kk58kk</desc>
<set>
xu $START_DIR/data/shell/update.sh
</set>
</action>
</group>

<group>
<text>
<title>kk59kk
</title>
<summary sh="xu $START_DIR/data/shell/infor.sh"/>
</text>
<text/>
</group>


<group title="kk60kk">
<page link="https://github.com/kakathic/Tool-Tool/releases/tag/Add">
<title>Mt Manager</title>
<desc>kk61kk</desc>
</page>

<page link="https://github.com/kakathic/Tool-Tool/releases/tag/Add">
<title>AntiSplit-G2</title>
<desc>kk62kk</desc>
</page>

<page link="https://maximoff.su/apktool">
<title>Apktool M</title>
<desc>kk63kk</desc>
</page>
<group>