<?xml version="1.0" encoding="UTF-8" ?>

<group>
<action visible="echo $check_root" reload="false" id="fqn" auto-off="true">
<title>kk64kk</title>
<desc>kk65kk</desc>
<param title="kk66kk" label="Option" desc=" " id="kill" name="app2">
<option value="">Default (No)</option>
<option value="com.android.settings">Setting</option>
<option value="com.android.systemui">Systemui</option>
<option value="com.miui.home">Miui Launcher</option>
</param>
<param label="App" title=""name="app1" type="app" options-sh="pm list package -s | cut -f2 -d ':'" />
<param label="App" title="kk68kk"name="app3" type="app" options-sh="pm list package -3 | cut -f2 -d ':'" />
<set>
if [ "$app2" ];then
killall $app2
fi
if [ "$app1" ];then
killall $app1
fi
if [ "$app3" ];then
killall $app3
fi
</set>
</action>

<action visible="echo $check_root" reload="true" auto-off="false" id="gwwt">
<title>kk69kk</title>
<desc>kk70kk</desc>
<param name="caiapk" label="Import" type="file" required="required"/>
<set>
mkdir -p $FHOME/apks
cd $FHOME/apks
cp -rf "$caiapk" $FHOME/apks
apkm=$(ls -1 | grep -m 1 -c '\.apkm')
xapk=$(ls -1 | grep -m 1 -c '\.xapk')
apks=$(ls -1 | grep -m 1 -c '\.apks')
apk=$(ls -1 | grep -m 1 -c '\.apk')
ngn=$(getprop ro.product.locale.language)


if [ "$apkm" == "1" ];then
som=$(unzip -l *.apkm | grep -m 1 -c '\.apk')

if [ "$som" == "1" ];then
unzip -o *.apkm
rm -fr *.apkm
cp -rf Android /sdcard 2>/dev/null
pm install -r *.apk
else
java -jar /lib/unapkm.jar "$caiapk" 123.apks
unzip -o *.apks
rm -fr *.apkm
rm -fr *.apks
cp -rf Android /sdcard 2>/dev/null
pm install -r *.apk
fi

elif [ "$xapk" == "1" ];then
unzip -o *.xapk
rm -fr *.xapk
cp -rf Android /sdcard 2>/dev/null
pm install -r *.apk

elif [ "$apks" == "1" ];then
unzip -o *.apks
rm -fr *.apks 
cp -rf Android /sdcard 2>/dev/null
pm install -r *.apk

elif [ "$apk" == "1" ];then
pm install -r *.apk

else
echo "Error apk"
fi
rm -fr $FHOME/apks/*
</set>
</action>

<action visible="echo $check_root" reload="true" auto-off="false" id="fsgn">
<title>kk71kk</title>
<desc>kk72kk</desc>
<param label="App" title="kk68kk" name="appnd" type="app" options-sh="pm list package -3 | cut -f2 -d ':'" />
<param label="App" title="kk67kk" name="appht" type="app" desc=" " options-sh="pm list package -s | cut -f2 -d ':'" />
<param name="cache" desc="kk73kk" title="kk74kk" label="Cache" type="switch" />

<set>
linkhfg=$(pm list package -f "$appht" | cut -d ":=" -f 2)
if [ "$appnd" ];then
if [ "$cache" == "1" ];then
pm uninstall -k "$appnd"
else
pm uninstall "$appnd"
fi
echo "Done"
elif [ "$appht" ];then
onmroot
rm -fr "$linkhfg"
echo "kk75kk"
offmroot
else
echo "Error"
fi

</set>
</action>


<action reload="true" auto-off="false" id="gfujf">
<title>kk76kk</title>
<desc>kk77kk</desc>
<param label="App" title="kk68kk" name="appnd" type="app" options-sh="pm list package -3 | cut -f2 -d ':'" />
<param label="App" title="kk67kk" name="appht" type="app" desc="" options-sh="pm list package -s | cut -f2 -d ':'" />

<set>
mkdir -p /sdcard/T_Terminal/apks/tmp
if [ "$appnd" ];then
linkhfg=$(pm list package -f "$appnd" | sed -e "s|=$appnd||g" -e 's|package:||g')
pclink=$(pm list package -f "$appnd" | sed -e "s|=$appnd||g" -e 's|package:||g' -e 's|base.apk|*.apk|g')
Tenapk=$(aapt dump badging "$linkhfg" | grep "application: label=" | awk '{print $2,$3,$4,$5 }' | cut -d "\'" -f2)
cp -rf $pclink /sdcard/T_Terminal/apks/tmp
soapk=$(ls -1 /sdcard/T_Terminal/apks/tmp | grep -c "\.apk")
if [ "$soapk" -gt 1 ];then
cd /sdcard/T_Terminal/apks/tmp
zip -q -r "/sdcard/T_Terminal/apks/$Tenapk.apks" *
else
mv -f /sdcard/T_Terminal/apks/tmp/base.apk "/sdcard/T_Terminal/apks/$Tenapk.apk"
fi
rm -fr /sdcard/T_Terminal/apks/tmp
elif [ "$appht" ];then
linkht=$(pm list package -f "$appht" | sed -e "s|=$appht||g" -e 's|package:||g')
cp -rf $linkht /sdcard/T_Terminal/apks
else
echo "Error"
fi
echo "Save in: /sdcard/T_Terminal/apks" 
</set>
</action>
</group>


<group >
<picker visible="echo $check_root" multiple="multiple" separator="," auto-off="true">
<title>kk78kk</title>
<desc>kk79kk</desc>
<summary sh="settings get secure icon_blacklist"/>
<options>
<option value="mobile">Data</option>
<option value="volte">VoLTE</option>
<option value="airplane">Airplane</option>
<option value="location">Location</option>
<option value="nfc">NFC</option>
<option value="vpn">VPN</option>
<option value="bluetooth">Bluetooth</option>
<option value="volume">Volume/Mute</option>
<option value="zen">Do not bother</option>
<option value="alarm_clock">Alarm</option>
<option value="headset">Headphone</option>
<option value="ime">Usb</option>
<option value="hotspot">Hotspot</option>
</options>
<get>
settings get secure icon_blacklist
</get>
<set>
settings put secure icon_blacklist "$state"
</set>
</picker>
</group>


<group title="">
<picker visible="echo $check_root" id="tjqt">
<title>kk47kk</title>
<desc>kk48kk</desc>
<options>
<option value="svc power reboot || reboot">kk49kk</option>
<option value="svc power shutdown || reboot -p">kk50kk</option>
<option value="reboot recovery">kk51kk</option>
<option value="reboot download">kk52kk</option>
<option value="reboot bootloader">kk53kk</option>
<option value="reboot edl">kk54kk</option>
</options>
<set>$state</set>
</picker>
</group>