<?xml version="1.0" encoding="UTF-8" ?>
<group >
<picker multiple="multiple" separator="," auto-off="true">
<title>kk155</title>
<desc>kk156</desc>
<options>
<option value="mobile">Data</option>
<option value="volte">VoLTE</option>
<option value="airplane">Airplane</option>
<option value="location">Location</option>
<option value="nfc">NFC</option>
<option value="vpn">VPN</option>
<option value="bluetooth">Bluetooth</option>
<option value="volume">Volume/Mute</option>
<option value="zen">Do not bother</option>
<option value="alarm_clock">Alarm</option>
<option value="headset">Headphone</option>
<option value="ime">Usb</option>
<option value="hotspot">Hotspot</option>
</options>
<get>
settings get secure icon_blacklist
</get>
<set>
settings put secure icon_blacklist "$state"
</set>
</picker>
</group>