<?xml version="1.0" encoding="UTF-8" ?>




<group>
<picker auto-off="true" title="kk134" desc="kk135">
<summary sh="getprop dextool"/>
<option value="d2j-apk-sign.sh">d2j-apk-sign</option>
<option value="d2j-asm-verify.sh">d2j-asm-verify</option>
<option value="d2j-baksmali.sh">d2j-baksmali</option>
<option value="d2j-class-version-switch.sh">d2j-class-version-switch</option>
<option value="d2j-decrypt-string.sh">d2j-decrypt-string</option>
<option value="d2j-dex2jar.sh">d2j-dex2jar</option>
<option value="d2j-dex2smali.sh">d2j-dex2smali</option>
<option value="d2j-dex-recompute-checksum.sh">d2j-dex-recompute-checksum</option>
<option value="d2j-dex-weaver.sh">d2j-dex-weaver</option>
<option value="d2j-jar2dex.sh">d2j-jar2dex</option>
<option value="d2j-jar2jasmin.sh">d2j-jar2jasmin</option>
<option value="d2j-jar-access.sh">d2j-jar-access</option>
<option value="d2j-jar-weaver.sh">d2j-jar-weaver</option>
<option value="d2j-jasmin2jar.sh">d2j-jasmin2jar</option>
<option value="d2j-smali.sh">d2j-smali</option>
<option value="d2j-std-apk.sh">d2j-std-apk</option>
<option value="d2j_invoke.sh">d2j_invoke</option>
<get>getprop dextool</get>
<set>
setprop dextool $state
</set>
</picker>

<action>
<title>kk136</title>
<desc>kk137</desc>
<set>
sh $TOOLKIT/lib/dex-tools-2.1/$(getprop dextool) --help
exit
</set>
</action>

<action>
<title>kk138 Dex Tool</title>
<desc>kk139</desc>
<param name="dexfile" title="kk047" editable="true" desc="kk140" label="kk049" type="file"/>
<param name="dextc" title="kk141" editable="true" desc="kk142" label="kk146" />


<param name="dextm" title="kk143" editable="true" desc="kk144" label="kk063" type="folder" />
<param name="dextc2" title="kk145" editable="true" desc="kk142" label="kk146" />

<set>
mkdir -p /sdcard/Tool-Tool/out
if [ "$dexfile" ];then
sh $TOOLKIT/lib/dex-tools-2.1/$(getprop dextool) $dextc "$dexfile"
fi

if [ "$dextm" ];then
sh $TOOLKIT/lib/dex-tools-2.1/$(getprop dextool) $dextc2 "$dextm"
fi
sodem=$(echo "$dextc $dextc2" | grep -c "\ -o")

if [ "$sodem" -ge 1 ];then
echo >/dev/null
else
cp -rf $TOOLKIT/lib/Tool-JDK/out/* /sdcard/Tool-Tool/out
rm -fr $TOOLKIT/lib/Tool-JDK/out/*
echo "kk054: /sdcard/Tool-Tool/out"
fi
</set>
</action>
</group>

<group>
<picker auto-off="true" title="kk134" desc="kk147">
<summary sh="getprop dexsmajbf"/>
<option value="Deodex">Deodex</option>
<option value="Disassemble">Dex decoding</option>
<option value="Dump">Dump</option>
<option value="List">List</option>
<get>getprop dexsmajbf</get>
<set>
setprop dexsmajbf $state
</set>
</picker>

<action>
<title>kk136</title>
<desc>kk148</desc>
<set>
if [ "$(getprop dexsmajbf)" == "Deodex" ];then
cvd="de"
elif [ "$(getprop dexsmajbf)" == "Disassemble" ];then
cvd="dis"
elif [ "$(getprop dexsmajbf)" == "Dump" ];then
cvd="du"
elif [ "$(getprop dexsmajbf)" == "List" ];then
cvd="l"
else
echo "Error"
exit
fi
baksmali $cvd
</set>
</action>

<action>
<title>kk138 Baksmali</title>
<desc>kk149</desc>
<param name="baksmali" title="kk047" required="required" editable="true" label="kk049" type="file"/>
<param name="jdudbek" title="kk141" editable="true" desc="kk152" label="kk146" />
<set>
if [ "$(getprop dexsmajbf)" == "Deodex" ];then
cvd="de"
elif [ "$(getprop dexsmajbf)" == "Disassemble" ];then
cvd="dis"
elif [ "$(getprop dexsmajbf)" == "Dump" ];then
cvd="du"
elif [ "$(getprop dexsmajbf)" == "List" ];then
cvd="l"
else
echo "Error"
exit
fi


baksmali $cvd $jdudbek "$baksmali" -o ''$baksmali'_src'
echo "\nkk054: $baksmali"_src""
</set>
</action>

</group>



<group>
<action>
<title>kk136</title>
<desc>kk150</desc>
<set>
smali ass
</set>
</action>
<action>
<title>kk138 Smali</title>
<desc>kk151</desc>
<param name="smalihd" title="kk101" required="required" editable="true" label="kk124" type="folder"/>
<param name="dndbek" title="kk066 smali" editable="true" desc="kk152" label="kk146" />
<set>
smali ass $dndbek "$smalihd" -o ''$smalihd'.dex'
echo "\nkk054: $smalihd".dex""
</set>
</action>
</group>


<group>
<picker auto-off="true" title="kk134" desc="kk135" value="java" option-sh="ls -1 $TOOLKIT/lib/Tool-JDK/bin" >
<summary sh="getprop javatool"/>
<get>getprop javatool</get>
<set>
setprop javatool $state
</set>
</picker>

<action>
<title>kk136</title>
<desc>kk137</desc>
<set>
$(getprop javatool) --help
exit
</set>
</action>

<action>
<title>kk138 Java Tool</title>
<desc>kk139</desc>
<param name="javafile" title="kk047" editable="true" desc="kk140." label="kk049" type="file"/>
<param name="hddh" title="kk141" editable="true" desc="kk152" label="kk146" />
<set>
$(getprop javatool) $hddh "$javafile"
</set>
</action>

</group>



