<?xml version="1.0" encoding="UTF-8" ?>


<group title="Dex Tool 2.1">
<picker auto-off="false" title="kk80kk" desc="kk81kk">
<summary sh="getprop dextool"/>
<option value="d2j-apk-sign.sh">d2j-apk-sign</option>
<option value="d2j-asm-verify.sh">d2j-asm-verify</option>
<option value="d2j-baksmali.sh">d2j-baksmali</option>
<option value="d2j-class-version-switch.sh">d2j-class-version-switch</option>
<option value="d2j-decrypt-string.sh">d2j-decrypt-string</option>
<option value="d2j-dex2jar.sh">d2j-dex2jar</option>
<option value="d2j-dex2smali.sh">d2j-dex2smali</option>
<option value="d2j-dex-recompute-checksum.sh">d2j-dex-recompute-checksum</option>
<option value="d2j-dex-weaver.sh">d2j-dex-weaver</option>
<option value="d2j-jar2dex.sh">d2j-jar2dex</option>
<option value="d2j-jar2jasmin.sh">d2j-jar2jasmin</option>
<option value="d2j-jar-access.sh">d2j-jar-access</option>
<option value="d2j-jar-weaver.sh">d2j-jar-weaver</option>
<option value="d2j-jasmin2jar.sh">d2j-jasmin2jar</option>
<option value="d2j-smali.sh">d2j-smali</option>
<option value="d2j-std-apk.sh">d2j-std-apk</option>
<option value="d2j_invoke.sh">d2j_invoke</option>
<get>getprop dextool</get>
<set>
setprop dextool $state
timeout 5 $TOOLKIT/lib/dex-tools-2.1/$(getprop dextool) --help
</set>
</picker>


<action>
<title>kk82kk</title>
<desc>kk83kk</desc>
<param name="dexfile" title="kk8kk" editable="true" desc="" label="Import" type="file"/>
<param name="dextc" title="kk85kk" editable="true" desc=" " label="Custom" placeholder="-o -a -d v.v" />

<param name="dextm" title="kk86kk" editable="true" desc="" label="Import" type="folder" />
<param name="dextc2" title="kk87kk" editable="true" desc="" label="Custom" placeholder="-o -a -d v.v" />

<set>
mkdir -p /sdcard/Tool-Tool/out
cd /sdcard/Tool-Tool/out

if [ "$dexfile" ];then
sh $TOOLKIT/lib/dex-tools-2.1/$(getprop dextool) $dextc "$dexfile"
fi

if [ "$dextm" ];then
sh $TOOLKIT/lib/dex-tools-2.1/$(getprop dextool) $dextc2 "$dextm"
fi
sodem=$(echo "$dextc $dextc2" | grep -c "\ -o")

if [ "$sodem" -ge 1 ];then
echo >/dev/null
else
echo "Save in: /sdcard/Tool-Tool/out"
fi
</set>
</action>
</group>

<group title="Baksmali">
<picker auto-off="false" title="kk80kk" desc="kk88kk">
<summary sh="getprop dexsmajbf"/>
<option value="Deodex">Deodex</option>
<option value="Disassemble">Dex2smali</option>
<option value="Dump">Dump</option>
<option value="List">List</option>
<get>getprop dexsmajbf</get>
<set>
setprop dexsmajbf $state
if [ "$(getprop dexsmajbf)" == "Deodex" ];then
cvd="de"
elif [ "$(getprop dexsmajbf)" == "Disassemble" ];then
cvd="dis"
elif [ "$(getprop dexsmajbf)" == "Dump" ];then
cvd="du"
elif [ "$(getprop dexsmajbf)" == "List" ];then
cvd="l"
else
echo "Error"
exit
fi
timeout 5 baksmali $cvd
</set>
</picker>



<action>
<title>kk82kk</title>
<desc>kk89kk</desc>
<param name="baksmali" title="kk8kk" required="required" editable="true" label="Import" type="file"/>
<param name="jdudbek" title="kk85kk" editable="true" placeholder="-o -a -d v.v" desc="" label="Custom" />
<set>
if [ "$(getprop dexsmajbf)" == "Deodex" ];then
cvd="de"
elif [ "$(getprop dexsmajbf)" == "Disassemble" ];then
cvd="dis"
elif [ "$(getprop dexsmajbf)" == "Dump" ];then
cvd="du"
elif [ "$(getprop dexsmajbf)" == "List" ];then
cvd="l"
else
echo "Error"
exit
fi


baksmali $cvd $jdudbek "$baksmali" -o ''$baksmali'_src'
echo "\nSave in: $baksmali"_src""
</set>
</action>

</group>



<group title="Smali">
<action>
<title>kk90kk</title>
<desc>kk84kk</desc>
<set>
smali ass --help
</set>
</action>
<action>
<title>kk82kk</title>
<desc>kk91kk</desc>
<param name="smalihd" title="kk92kk" required="required" editable="true" label="Import" type="folder"/>
<param name="dndbek" title="kk93kk" editable="true" placeholder="-o -a -d v.v" label="Custom" />
<set>
smali ass $dndbek "$smalihd" -o ''$smalihd'.dex'
echo "\nSave in: $smalihd".dex""
</set>
</action>
</group>

<group title="Java Tool">
<picker auto-off="false" title="kk80kk" desc="kk94kk" value="java" option-sh="ls -1 $TOOLKIT/lib/Tool-JDK/bin" >
<summary sh="getprop javatool"/>
<get>getprop javatool</get>
<set>
setprop javatool $state
timeout 5 $(getprop javatool) --help
</set>
</picker>


<action>
<title>kk82kk</title>
<desc>kk95kk</desc>
<param name="javafile" title="kk8kk" required="required" editable="true" desc="" label="Import" type="file"/>
<param name="hddh" title="kk85kk" editable="true" placeholder="-o -a -d v.v" label="Custom" />
<set>
mkdir -p /sdcard/Tool-Tool/out
cd /sdcard/Tool-Tool/out
$(getprop javatool) $hddh "$javafile"
</set>
</action>

</group>



<group title="7-zip">

<action>
<title>kk90kk</title>
<desc>kk84kk</desc>
<set>
7za
</set>
</action>

<action>
<title>kk82kk</title>
<desc>kk95kk</desc>
<param name="javafile" title="kk8kk" editable="true" desc="" label="Import" type="file"/>
<param name="hddh" title="kk85kk" editable="true" placeholder="a -y -d v.v" label="Custom" />
<set>
7za $hddh "$javafile"
</set>
</action>

</group>
