<group>
<action>
<title>Help</title>
<desc>See detailed instructions on the order</desc>
<set>
java -jar $MODULE_PATH/cfr-111/cfr-0.151.jar
echo
java -jar $MODULE_PATH/cfr-111/cfr-0.151.jar --help
</set>
</action>
<action>
<title>Apply</title>
<desc>Execute the above command selected, please run a test before using this command.</desc>
<param name="javafile" title="Import the file" editable="true" desc="" label="Import" type="file"/>
<param name="hddh" title="Customize order" editable="true" placeholder="-y -d v.v" label="Custom" />
<set>
cd /sdcard/Tool-Tool/out
java -jar $MODULE_PATH/cfr-111/cfr-0.151.jar "$javafile" $hddh
echo "View: /sdcard/Tool-Tool/out"
</set>
</action>
</group>