<group>
<action>
<title>Trợ giúp</title>
<desc>Xem hướng dẫn chi tiết về lệnh</desc>
<set>
java -jar $MODULE_PATH/cfr-111/cfr-0.151.jar
echo
java -jar $MODULE_PATH/cfr-111/cfr-0.151.jar --help
</set>
</action>
<action>
<title>Áp dụng</title>
<desc>Thực hiện lệnh trên đã chọn, hãy chạy thử trước khi sử dụng lệnh này.</desc>
<param name="javafile" title="Nhập tệp tin" editable="true" desc="" label="Import" type="file"/>
<param name="hddh" title="Tùy chỉnh lệnh" editable="true" placeholder="-y -d v.v" label="Custom" />
<set>
cd /sdcard/Tool-Tool/out
java -jar $MODULE_PATH/cfr-111/cfr-0.151.jar "$javafile" $hddh
echo "Xem ở: /sdcard/Tool-Tool/out"
</set>
</action>
</group>