<group>
<action>
<title>Test</title>
<set>
xu $MODULE_PATH/jadxxx/jadx/bin/jadx --help
</set>
</action>
<action>
<title>Decompile</title>
<desc>Jadx - Dex to Java decompiler</desc>
<param name="decom" type="file" label="File"/>
<param name="kdycbn" title="Customize order" editable="true" desc=" " label="Custom" placeholder="-o -a -d v.v" />
<set>
Teni=`echo "$decom" | sed "s|\.$(echo "$decom" | tr "." "\n" | tail -1)|_src|g"`
mkdir -p "$Teni"
rm -fr "$Teni"/*
xu $MODULE_PATH/jadxxx/jadx/bin/jadx "$decom" -d "$Teni" $kdycbn
echo "\nSave: $Teni"
</set>
</action>
</group>
