<group title="jd-cli">

<action>
<title>Trợ giúp</title>
<desc>Xem hướng dẫn chi tiết về lệnh</desc>
<set>
java -jar $MODULE_PATH/jd-cli-111/jd-cli.jar --help
</set>
</action>
<action>
<title>Áp dụng</title>
<desc>Thực hiện lệnh trên đã chọn, hãy chạy thử trước khi sử dụng lệnh này.</desc>
<param name="javafile" title="Nhập tệp tin" editable="true" desc="" label="Import" type="file"/>
<param name="hddh" title="Tùy chỉnh lệnh" editable="true" placeholder="-y -d v.v" label="Custom" />
<set>
cd /sdcard/Tool-Tool/out
java -jar $MODULE_PATH/jd-cli-111/jd-cli.jar $hddh "$javafile"
echo "View: /sdcard/Tool-Tool/out"
</set>
</action>
</group>

<group title="Mẫu có sẵn">
<action>
<title>Class → Java</title>
<desc>Chuyển đồi tệp class sang tệp java.</desc>
<param name="test1" title="Nhập tệp tin" editable="true" suffix="class" label="Import" type="file"/>
<set>
java -jar $MODULE_PATH/jd-cli-111/jd-cli.jar "$test1" > $(echo "$test1" | sed 's|class|java|g')
echo "Save: $(echo "$test1" | sed 's|class|java|g')"
</set>
</action>
</group>

<group>
<action>
<title>Jar → Src.jar</title>
<desc>Chuyển đồi tệp jar class thành tệp src.jar java.</desc>
<param name="test1" title="Nhập tệp tin" editable="true" suffix="jar" label="Import" type="file"/>
<param name="nut1" label="Số dòng trong class" type="switch" title=""/>
<param name="nut2" label="Bỏ qua xử lý tài nguyên" type="switch" title=""/>
<param name="nut3" label="Hiện nhật ký" type="switch" title=""/>

<set>
if [ "$nut1" == "1" ];then
cc1='-n'
fi
if [ "$nut2" == "1" ];then
cc2='--skipResources'
fi
if [ "$nut3" == "1" ];then
cc3='-g ALL'
else
cc3='-g OFF'
fi

java -jar $MODULE_PATH/jd-cli-111/jd-cli.jar $cc2 $cc1 $cc3 "$test1" -oz $(echo "$test1" | sed 's|\.jar|\.src.jar|g')
echo "Save: $(echo "$test1" | sed 's|\.jar|\.src.jar|g')"
</set>
</action>
</group>

<group>
<action>
<title>Jar → Dir</title>
<desc>Dịch ngược jar, chuyển đổi sang thư mục chứa java.</desc>
<param name="test1" title="Nhập tệp tin" editable="true" suffix="jar" label="Import" type="file"/>
<param name="nut1" label="Số dòng trong class" type="switch" title=""/>
<param name="nut2" label="Bỏ qua xử lý tài nguyên" type="switch" title=""/>
<param name="nut3" label="Hiện nhật ký" type="switch" title=""/>
<set>
if [ "$nut1" == "1" ];then
cc1='-n'
fi
if [ "$nut2" == "1" ];then
cc2='--skipResources'
fi
if [ "$nut3" == "1" ];then
cc3='-g ALL'
else
cc3='-g OFF'
fi
java -jar $MODULE_PATH/jd-cli-111/jd-cli.jar $cc2 $cc1 $cc3 "$test1" -od $(echo "$test1" | sed 's|\.jar|.src|g')
echo "Save: $(echo "$test1" | sed 's|\.jar|.src|g')"
</set>
</action>
</group>