<group title="jd-cli">

<action>
<title>Help</title>
<desc>See detailed instructions on the order</desc>
<set>
java -jar $MODULE_PATH/jd-cli-111/jd-cli.jar --help
</set>
</action>
<action>
<title>Apply</title>
<desc>Execute the above command selected, please run a test before using this command.</desc>
<param name="javafile" title="Import the file" editable="true" desc="" label="Import" type="file"/>
<param name="hddh" title="Customize order" editable="true" placeholder="-y -d v.v" label="Custom" />
<set>
cd /sdcard/Tool-Tool/out
java -jar $MODULE_PATH/jd-cli-111/jd-cli.jar $hddh "$javafile"
echo "View: /sdcard/Tool-Tool/out"
</set>
</action>
</group>

<group title="Available form">
<action>
<title>Class → Java</title>
<desc>Convert class files to java files.</desc>
<param name="test1" title="Import file" editable="true" suffix="class" label="Import" type="file"/>
<set>
java -jar $MODULE_PATH/jd-cli-111/jd-cli.jar "$test1" > $(echo "$test1" | sed 's|class|java|g')
echo "Save: $(echo "$test1" | sed 's|class|java|g')"
</set>
</action>
</group>

<group>
<action>
<title>Jar → Src.jar</title>
<desc>Convert jar class file to src.jar java file.</desc>
<param name="test1" title="Import the file" editable="true" suffix="jar" label="Import" type="file"/>
<param name="nut1" label="Number of lines in class" type="switch" title=""/>
<param name="nut2" label="Skip resource handling" type="switch" title=""/>
<param name="nut3" label="Show diary" type="switch" title=""/>

<set>
if [ "$nut1" == "1" ];then
cc1='-n'
fi
if [ "$nut2" == "1" ];then
cc2='--skipResources'
fi
if [ "$nut3" == "1" ];then
cc3='-g ALL'
else
cc3='-g OFF'
fi

java -jar $MODULE_PATH/jd-cli-111/jd-cli.jar $cc2 $cc1 $cc3 "$test1" -oz $(echo "$test1" | sed 's|\.jar|\.src.jar|g')
echo "Save: $(echo "$test1" | sed 's|\.jar|\.src.jar|g')"
</set>
</action>
</group>

<group>
<action>
<title>Jar → Dir</title>
<desc>Decompile jar, convert to the directory containing java.</desc>
<param name="test1" title="Import the file" editable="true" suffix="jar" label="Import" type="file"/>
<param name="nut1" label="Number of lines in class" type="switch" title=""/>
<param name="nut2" label="Skip resource handling" type="switch" title=""/>
<param name="nut3" label="Show diary" type="switch" title=""/>
<set>
if [ "$nut1" == "1" ];then
cc1='-n'
fi
if [ "$nut2" == "1" ];then
cc2='--skipResources'
fi
if [ "$nut3" == "1" ];then
cc3='-g ALL'
else
cc3='-g OFF'
fi
java -jar $MODULE_PATH/jd-cli-111/jd-cli.jar $cc2 $cc1 $cc3 "$test1" -od $(echo "$test1" | sed 's|\.jar|.src|g')
echo "Save: $(echo "$test1" | sed 's|\.jar|.src|g')"
</set>
</action>
</group>